"Time (s)","Latitude (°)","Longitude (°)","Height (m)","Velocity (m/s)","Direction (°)","Horizontal Accuracy (m)","Vertical Accuracy (m)"
2.259536297E0,6.506104310E1,2.546508260E1,1.741447740E1,NaN,NaN,1.323700047E1,1.000000000E0
3.368110344E0,6.506077142E1,2.546550276E1,-1.348536909E1,7.999999821E-2,0.000000000E0,3.050000000E1,1.000000000E2
3.855246075E0,6.506098922E1,2.546562497E1,-1.248543891E1,1.299999952E-1,0.000000000E0,1.900000000E1,1.000000000E2
4.864041420E0,6.506103851E1,2.546566620E1,3.551454682E1,2.099999934E-1,0.000000000E0,1.600000000E1,1.000000000E2
5.854956919E0,6.506104182E1,2.546559094E1,3.351453712E1,2.199999988E-1,0.000000000E0,1.350000000E1,1.000000000E2
6.866551995E0,6.506106864E1,2.546559253E1,3.051452702E1,3.100000024E-1,2.739999962E1,1.150000000E1,1.000000000E2
7.879324841E0,6.506102761E1,2.546558591E1,2.551454200E1,0.000000000E0,0.000000000E0,1.000000000E1,1.000000000E2
8.888134302E0,6.506101458E1,2.546557132E1,2.551454536E1,4.699999988E-1,3.573999939E2,9.500000000E0,1.000000000E2
9.879533032E0,6.506099459E1,2.546553276E1,2.451454871E1,9.099999666E-1,2.747000122E2,9.000000000E0,1.000000000E2
1.088218415E1,6.506100750E1,2.546551039E1,2.751454125E1,1.009999990E0,2.717999878E2,8.000000000E0,1.000000000E2
1.187294449E1,6.506101936E1,2.546549010E1,2.651453444E1,1.069999933E0,2.638999939E2,7.500000000E0,1.000000000E2
1.287864234E1,6.506102380E1,2.546546428E1,2.651452984E1,9.699999690E-1,2.605000000E2,7.000000000E0,1.000000000E2
1.387595953E1,6.506102279E1,2.546544475E1,2.651452804E1,7.799999714E-1,2.588999939E2,7.000000000E0,1.000000000E2
1.489133464E1,6.506102304E1,2.546541927E1,2.551452509E1,1.059999943E0,2.626000061E2,6.500000000E0,1.000000000E2
1.588634522E1,6.506102246E1,2.546539371E1,2.551452245E1,1.039999962E0,2.653999939E2,6.500000000E0,1.000000000E2
1.688739049E1,6.506101605E1,2.546536328E1,2.451452150E1,1.120000005E0,2.597999878E2,6.000000000E0,1.000000000E2
1.789536380E1,6.506101206E1,2.546533529E1,2.351451990E1,9.899999499E-1,2.602000122E2,6.000000000E0,1.000000000E2
1.889408087E1,6.506100129E1,2.546530218E1,2.251452032E1,1.209999919E0,2.570000000E2,5.500000000E0,1.000000000E2
1.989643256E1,6.506100435E1,2.546526429E1,2.051451490E1,1.240000010E0,2.586000061E2,5.500000000E0,1.000000000E2
2.089498110E1,6.506098009E1,2.546522263E1,1.751451955E1,1.259999990E0,2.593999939E2,5.000000000E0,1.000000000E2
2.189503429E1,6.506097602E1,2.546519145E1,1.751451762E1,1.039999962E0,2.597999878E2,5.000000000E0,1.000000000E2
2.289633195E1,6.506095327E1,2.546515650E1,1.451452244E1,1.049999952E0,2.568999939E2,4.500000000E0,1.000000000E2
2.388829237E1,6.506094526E1,2.546512624E1,1.351452212E1,1.019999981E0,2.550000000E2,4.000000000E0,1.000000000E2
2.489555148E1,6.506094023E1,2.546509582E1,1.251452064E1,1.159999967E0,2.501999969E2,4.000000000E0,1.000000000E2
2.588850748E1,6.506093600E1,2.546506464E1,1.251451878E1,1.379999995E0,2.503000031E2,3.500000000E0,1.000000000E2
2.690539937E1,6.506093365E1,2.546503044E1,1.251451585E1,1.480000019E0,2.488999939E2,3.500000000E0,1.000000000E2
2.789604848E1,6.506092762E1,2.546499683E1,1.251451441E1,1.519999981E0,2.501999969E2,3.500000000E0,1.000000000E2
2.889416017E1,6.506092506E1,2.546497269E1,1.151451269E1,1.350000024E0,2.461000061E2,3.000000000E0,1.000000000E2
2.990354398E1,6.506091831E1,2.546493740E1,1.151451133E1,1.469999909E0,2.385000000E2,3.000000000E0,1.000000000E2
3.090336832E1,6.506090955E1,2.546490546E1,1.051451112E1,1.500000000E0,2.268999939E2,3.000000000E0,1.000000000E2
3.192779613E1,6.506090373E1,2.546487428E1,1.151450986E1,1.360000014E0,2.141999969E2,3.000000000E0,1.000000000E2
3.291569359E1,6.506089082E1,2.546485660E1,1.051451284E1,1.279999971E0,2.045000000E2,3.000000000E0,1.000000000E2
3.391790382E1,6.506087971E1,2.546484218E1,1.151451549E1,1.500000000E0,2.033000031E2,3.000000000E0,1.000000000E2
3.491104886E1,6.506086798E1,2.546482190E1,1.051451773E1,9.399999976E-1,2.003999939E2,3.000000000E0,1.000000000E2
3.590692628E1,6.506085671E1,2.546481511E1,1.051452130E1,1.059999943E0,1.948000031E2,3.000000000E0,1.000000000E2
3.692431167E1,6.506084334E1,2.546480496E1,1.051452530E1,9.399999976E-1,1.870000000E2,2.500000000E0,1.000000000E2
3.792721336E1,6.506082829E1,2.546479759E1,9.514530251E0,1.100000024E0,1.858999939E2,3.000000000E0,1.000000000E2
3.892733643E1,6.506081878E1,2.546479407E1,1.051453351E1,1.129999995E0,1.886000061E2,3.000000000E0,1.000000000E2
3.989772293E1,6.506080939E1,2.546478879E1,1.051453652E1,6.599999666E-1,1.813000031E2,2.500000000E0,1.000000000E2
4.090305262E1,6.506080247E1,2.546478787E1,1.051453908E1,7.400000095E-1,1.840000000E2,3.000000000E0,1.000000000E2
4.190597659E1,6.506079175E1,2.546478334E1,1.051454269E1,1.439999938E0,1.773000031E2,3.000000000E0,1.000000000E2
4.290743705E1,6.506077817E1,2.546478686E1,1.051454830E1,1.289999962E0,1.738999939E2,3.000000000E0,1.000000000E2
4.390678051E1,6.506076660E1,2.546478535E1,1.151455257E1,1.230000019E0,1.773000031E2,3.000000000E0,1.000000000E2
4.490016393E1,6.506075474E1,2.546478770E1,1.151455739E1,1.490000010E0,1.805000000E2,3.500000000E0,1.000000000E2
4.590444370E1,6.506074137E1,2.546478979E1,1.151456276E1,1.500000000E0,1.846999969E2,3.000000000E0,1.000000000E2
4.690434424E1,6.506072968E1,2.546479004E1,1.151456727E1,1.360000014E0,1.883999939E2,3.000000000E0,1.000000000E2
4.791148558E1,6.506071618E1,2.546479382E1,1.151457288E1,9.399999976E-1,1.906999969E2,3.000000000E0,1.000000000E2
4.891441570E1,6.506070223E1,2.546480563E1,1.151457956E1,1.529999971E0,1.815000000E2,3.000000000E0,1.000000000E2
4.989797577E1,6.506068995E1,2.546480832E1,1.151458457E1,1.199999928E0,1.840000000E2,3.000000000E0,1.000000000E2
5.092022642E1,6.506067612E1,2.546481058E1,1.151459014E1,1.339999914E0,1.876999969E2,3.000000000E0,1.000000000E2
5.191075543E1,6.506066233E1,2.546480647E1,1.151459497E1,1.110000014E0,1.931000061E2,3.000000000E0,1.000000000E2
5.290445942E1,6.506064862E1,2.546480052E1,1.251459957E1,1.289999962E0,1.901000061E2,3.000000000E0,1.000000000E2
5.390657242E1,6.506063194E1,2.546479675E1,1.251460555E1,1.490000010E0,1.876999969E2,2.500000000E0,1.000000000E2
5.491395277E1,6.506061443E1,2.546479541E1,1.251461213E1,1.539999962E0,1.858999939E2,2.500000000E0,1.000000000E2
5.589928281E1,6.506059603E1,2.546479834E1,1.251461952E1,1.419999957E0,1.845000000E2,2.500000000E0,1.000000000E2
5.692000896E1,6.506057914E1,2.546480170E1,1.351462638E1,1.370000005E0,1.793000031E2,3.000000000E0,1.000000000E2
5.789040592E1,6.506056279E1,2.546480647E1,1.351463319E1,1.419999957E0,1.716000061E2,2.500000000E0,1.000000000E2
5.891736550E1,6.506054046E1,2.546480304E1,1.351464138E1,1.469999909E0,1.638000031E2,2.500000000E0,1.000000000E2
5.990704430E1,6.506052009E1,2.546480522E1,1.351464945E1,1.429999948E0,1.593999939E2,2.500000000E0,1.000000000E2
6.090596765E1,6.506050555E1,2.546482181E1,1.351465688E1,1.179999948E0,1.441999969E2,2.500000000E0,1.000000000E2
6.192293450E1,6.506049599E1,2.546484947E1,1.351466364E1,1.480000019E0,1.211999969E2,2.500000000E0,1.000000000E2
6.292190792E1,6.506048627E1,2.546486783E1,1.351466942E1,1.379999995E0,1.033000031E2,2.500000000E0,1.000000000E2
6.389604022E1,6.506047948E1,2.546489582E1,1.351467515E1,1.589999914E0,9.169999695E1,2.500000000E0,1.000000000E2
6.491136438E1,6.506047558E1,2.546491846E1,1.351467917E1,1.480000019E0,8.950000000E1,2.000000000E0,1.000000000E2
6.591371622E1,6.506047135E1,2.546495089E1,1.351468441E1,1.539999962E0,9.359999847E1,2.000000000E0,1.000000000E2
6.690161311E1,6.506046862E1,2.546498425E1,1.451468918E1,1.480000019E0,9.580000305E1,2.000000000E0,1.000000000E2
6.790975272E1,6.506046489E1,2.546502105E1,1.351469471E1,1.480000019E0,9.590000153E1,2.000000000E0,1.000000000E2
6.891063676E1,6.506046234E1,2.546505676E1,1.351469967E1,1.459999919E0,9.550000000E1,2.000000000E0,1.000000000E2
6.986550510E1,6.506046095E1,2.546509439E1,1.451470440E1,1.500000000E0,9.680000305E1,2.000000000E0,1.000000000E2
7.089598549E1,6.506046016E1,2.546512951E1,1.451470862E1,1.569999933E0,1.011999969E2,2.000000000E0,1.000000000E2
7.189635295E1,6.506045634E1,2.546516664E1,1.451471423E1,1.719999909E0,1.079000015E2,2.000000000E0,1.000000000E2
7.291037399E1,6.506045090E1,2.546521031E1,1.551472119E1,1.679999948E0,1.139000015E2,2.000000000E0,1.000000000E2
7.390074864E1,6.506044645E1,2.546524384E1,1.551472663E1,1.579999924E0,1.101999969E2,2.000000000E0,1.000000000E2
7.490073322E1,6.506044373E1,2.546527821E1,1.551473151E1,1.549999952E0,1.084000015E2,2.000000000E0,1.000000000E2
7.589807518E1,6.506043975E1,2.546531592E1,1.551473724E1,1.469999909E0,1.011999969E2,2.000000000E0,1.000000000E2
7.690239187E1,6.506043920E1,2.546535096E1,1.551474136E1,1.469999909E0,9.940000153E1,2.500000000E0,1.000000000E2
7.790261056E1,6.506043551E1,2.546538860E1,1.551474697E1,1.350000024E0,9.919999695E1,2.500000000E0,1.000000000E2
7.890237956E1,6.506043438E1,2.546542003E1,1.551475090E1,1.079999924E0,1.029000015E2,2.500000000E0,1.000000000E2
7.990001175E1,6.506043375E1,2.546544936E1,1.551475442E1,1.009999990E0,1.055999985E2,2.500000000E0,1.000000000E2
8.090455417E1,6.506043271E1,2.546547770E1,1.551475798E1,9.300000072E-1,1.073000031E2,2.500000000E0,1.000000000E2
8.190996944E1,6.506043204E1,2.546550066E1,1.551476079E1,7.199999690E-1,1.100000000E2,2.500000000E0,1.000000000E2
8.291597560E1,6.506043040E1,2.546552120E1,1.551476371E1,7.099999785E-1,1.160999985E2,3.000000000E0,1.000000000E2
8.390024125E1,6.506042562E1,2.546554031E1,1.551476767E1,7.899999619E-1,1.211999969E2,2.500000000E0,1.000000000E2
8.491129002E1,6.506042185E1,2.546555481E1,1.551477073E1,9.099999666E-1,1.101999969E2,2.500000000E0,1.000000000E2
8.590666252E1,6.506041414E1,2.546557761E1,1.551477623E1,1.199999928E0,1.155999985E2,3.000000000E0,1.000000000E2
8.691804317E1,6.506040517E1,2.546560108E1,1.551478229E1,1.189999938E0,1.254000015E2,2.500000000E0,1.000000000E2
8.792523740E1,6.506039826E1,2.546562371E1,1.551478746E1,1.179999948E0,1.238000031E2,2.500000000E0,1.000000000E2
8.892357101E1,6.506039461E1,2.546564793E1,1.451479156E1,1.090000033E0,1.241999969E2,2.500000000E0,1.000000000E2
8.990168309E1,6.506039063E1,2.546567660E1,1.351479628E1,1.110000014E0,1.251999969E2,2.500000000E0,1.000000000E2
9.090998132E1,6.506038271E1,2.546570149E1,1.251480209E1,1.220000029E0,1.245999985E2,2.500000000E0,1.000000000E2
9.190650316E1,6.506037449E1,2.546573695E1,1.151480919E1,1.009999990E0,1.241999969E2,2.500000000E0,1.000000000E2
9.292040470E1,6.506036435E1,2.546576662E1,1.151481638E1,1.199999928E0,1.239000015E2,2.500000000E0,1.000000000E2
9.390407197E1,6.506035010E1,2.546579973E1,1.151482553E1,1.339999914E0,1.298000031E2,2.500000000E0,1.000000000E2
9.491650624E1,6.506033489E1,2.546583326E1,1.251483509E1,1.569999933E0,1.308000031E2,2.000000000E0,1.000000000E2
9.590417986E1,6.506032207E1,2.546587290E1,1.251484442E1,1.370000005E0,1.243000031E2,2.500000000E0,1.000000000E2
9.687143024E1,6.506031507E1,2.546590827E1,1.251485104E1,1.269999981E0,1.204000015E2,2.500000000E0,1.000000000E2
9.789850193E1,6.506030933E1,2.546593870E1,1.251485663E1,1.269999981E0,1.060999985E2,2.000000000E0,1.000000000E2
9.890915001E1,6.506030279E1,2.546597281E1,1.251486293E1,1.230000019E0,9.900000000E1,2.500000000E0,1.000000000E2
9.989603512E1,6.506029604E1,2.546601975E1,1.151487075E1,1.189999938E0,9.980000305E1,2.000000000E0,1.000000000E2
1.009106800E2,6.506028963E1,2.546606024E1,1.151487771E1,1.169999957E0,9.919999695E1,2.500000000E0,1.000000000E2
1.018899766E2,6.506028343E1,2.546610123E1,1.151488465E1,1.039999962E0,1.010000000E2,2.500000000E0,1.000000000E2
1.028454207E2,6.506027902E1,2.546614481E1,1.151489119E1,1.389999986E0,9.930000305E1,2.500000000E0,1.000000000E2
1.038516628E2,6.506027429E1,2.546618312E1,1.051489727E1,1.500000000E0,9.809999847E1,2.500000000E0,1.000000000E2
1.048633808E2,6.506027148E1,2.546622360E1,1.151490285E1,1.539999962E0,9.569999695E1,2.500000000E0,1.000000000E2
1.058571352E2,6.506027182E1,2.546626199E1,1.051490700E1,1.459999919E0,9.550000000E1,2.500000000E0,1.000000000E2
1.068653833E2,6.506026997E1,2.546630256E1,1.051491222E1,1.500000000E0,9.769999695E1,2.500000000E0,1.000000000E2
1.078703746E2,6.506026398E1,2.546633969E1,1.051491865E1,1.500000000E0,9.830000305E1,2.500000000E0,1.000000000E2
1.089129668E2,6.506026205E1,2.546638068E1,1.051492395E1,9.499999881E-1,9.759999847E1,2.500000000E0,1.000000000E2
1.098910444E2,6.506026113E1,2.546641136E1,1.051492772E1,1.000000000E0,9.680000305E1,2.500000000E0,1.000000000E2
1.108710566E2,6.506025782E1,2.546644430E1,1.151493265E1,1.299999952E0,9.480000305E1,3.000000000E0,1.000000000E2
1.119082250E2,6.506025493E1,2.546648436E1,1.151493822E1,1.189999938E0,9.740000153E1,2.500000000E0,1.000000000E2
1.128872924E2,6.506025178E1,2.546652770E1,1.151494425E1,1.199999928E0,9.840000153E1,2.500000000E0,1.000000000E2
1.139105832E2,6.506025115E1,2.546656500E1,1.151494864E1,1.250000000E0,1.045999985E2,2.500000000E0,1.000000000E2
1.149021846E2,6.506024914E1,2.546658151E1,1.151495125E1,2.299999893E-1,1.075999985E2,2.500000000E0,1.000000000E2
